sku,sales_pitch
"000000000000691864","Para proyectos que demandan un rendimiento hídrico excepcional, Comagro S.A. le presenta el Cuerpo Sumergible CAPRARI E12S58-8/4A-V 12"" P/200HP. Esta solución robusta y eficiente está diseñada con la reconocida ingeniería de CAPRARI para operar en las condiciones más exigentes, asegurando un caudal óptimo y una fiabilidad inigualable en aplicaciones de gran envergadura.

Este equipo, específicamente configurado para motores de hasta 200HP, representa una inversión inteligente que garantiza durabilidad superior y mínimo mantenimiento. En Comagro S.A., somos su aliado estratégico, ofreciendo asesoramiento técnico especializado para integrar esta bomba sumergible CAPRARI y optimizar su gestión hídrica con una solución de alto rendimiento y comprobada calidad."
"000000000002391735","En Comagro S.A., comprendemos la necesidad de sistemas de bombeo robustos y eficientes para el sector industrial. Por ello, destacamos la Bomba KSB Multietapas WKL 150/3, un equipo de alta ingeniería diseñado para ofrecer un rendimiento sostenido y una fiabilidad excepcional en las aplicaciones más exigentes. Su tecnología multietapa garantiza un manejo óptimo de fluidos a alta presión, fundamental para la continuidad operativa.

Elegir el modelo 000000000002391735 de nuestra línea de Bombas Industriales KSB es una inversión estratégica en eficiencia energética y durabilidad, lo que se traduce en menores costos de mantenimiento y una mayor vida útil para su infraestructura. Confíe en Comagro S.A. para integrar soluciones de bombeo que optimicen sus procesos. Nuestro equipo técnico experto está a su disposición para un asesoramiento personalizado."
"000000000002420504","Desde Comagro S.A., le presentamos la BOMBA KSB SPY V 800-930 AS DJ EJE LIBRE SIN BRIDA, una solución robusta y de alto rendimiento de la prestigiosa marca KSB. Este equipo ha sido diseñado para operar en las condiciones industriales más exigentes, garantizando fiabilidad, eficiencia operativa y una vida útil prolongada. Su configuración de eje libre ofrece la flexibilidad ideal para su integración en sistemas existentes o para configuraciones a medida.

Elegir esta bomba KSB significa invertir en productividad y minimizar tiempos de inactividad. En Comagro S.A., nuestro equipo de asesores técnicos está a su disposición para brindarle el soporte especializado que necesita, desde la selección hasta la implementación. Contáctenos para optimizar sus operaciones con la calidad y el respaldo que solo Comagro S.A. y KSB pueden ofrecerle. SKU: 000000000002420504."
"000000000000691864","Para optimizar el rendimiento de sus sistemas de bombeo más exigentes, presentamos el Cuerpo Sumergible CAPRARI E12S58-8/4A-V 12"" P/200HP. Esta unidad, referencia 000000000000691864, está diseñada específicamente para motores de hasta 200HP, garantizando una extracción eficiente y constante en las condiciones operativas más demandantes. La ingeniería superior de CAPRARI asegura una fiabilidad inigualable y una vida útil prolongada, minimizando interrupciones operativas en sus procesos críticos.

Invertir en este componente significa asegurar la continuidad y eficiencia de sus proyectos con un equipo de alto desempeño de la categoría Bombas Sumergibles de Comagro. Disfrute de una operación con máxima eficiencia hidráulica, menor consumo energético y una robustez que resiste el uso continuo. Nuestro equipo técnico en Comagro S.A. está listo para brindarle asesoramiento detallado y adaptar esta solución a sus necesidades específicas, garantizando un soporte experto y resultados óptimos."
"000000000002391735","Para operaciones industriales que demandan un rendimiento ininterrumpido y una gestión eficiente del agua, la Bomba KSB Multietapas WKL 150/3 es la solución definitiva. Diseñada bajo los rigurosos estándares de KSB, esta bomba industrial garantiza la máxima fiabilidad y una presión constante en sus procesos más críticos, consolidando la eficiencia operativa que su negocio requiere.

Su construcción robusta y diseño multietapas optimizan el consumo energético y minimizan los costos operativos a largo plazo, consolidándose como una inversión inteligente para cualquier entorno industrial exigente. En Comagro S.A. estamos listos para asesorarle sobre cómo la KSB WKL 150/3 (SKU: 000000000002391735) puede integrarse perfectamente en su sistema, ofreciéndole soporte técnico experto y garantía para su total tranquilidad operativa."
"000000000002420504","Para optimizar sus operaciones industriales más exigentes, Comagro S.A. le presenta la Bomba KSB SPY V 800-930 AS DJ EJE LIBRE SIN BRIDA. Este equipo, de la reconocida marca KSB, es un referente en rendimiento y fiabilidad, diseñado para asegurar un flujo constante y eficiente incluso en los entornos más demandantes, garantizando durabilidad y minimizando los tiempos de inactividad.

En Comagro S.A., entendemos que cada proyecto requiere una solución precisa. Nuestro equipo técnico experto está a su disposición para asesorarle, asegurando la integración perfecta de esta bomba industrial en su sistema y maximizando su productividad. Contáctenos hoy mismo para descubrir cómo esta solución de bombeo puede transformar la eficiencia operativa de su empresa."
"000000000002420506","Optimice la eficiencia y fiabilidad de sus sistemas de bombeo industrial con la Bomba KSB SPY V 900-930 AS DJ Eje Libre. Este equipo, de la prestigiosa marca KSB, está diseñado para satisfacer las demandas más rigurosas, garantizando un rendimiento superior y una durabilidad excepcional en operaciones continuas.

Su diseño de eje libre le confiere una versatilidad inigualable y facilidad de mantenimiento, minimizando tiempos de inactividad. Para conocer cómo este modelo, SKU 000000000002420506, puede elevar la productividad de su empresa, le invitamos a contactar a nuestros especialistas. En Comagro S.A. estamos listos para brindarle el asesoramiento técnico experto que usted necesita."
"000000000006010420","Optimice sus operaciones con el rendimiento superior que su proyecto demanda. Presentamos el Motor Eléctrico VALCO 2HP 2P 220V, una solución de potencia monofásica diseñada para ofrecer máxima eficiencia y durabilidad en entornos exigentes. Su configuración de 2 polos asegura una alta velocidad de rotación, ideal para aplicaciones que requieren un desempeño ágil y constante con una alimentación estándar de 220V.

Este equipo de la reconocida marca VALCO garantiza una integración sencilla y un funcionamiento fiable, minimizando tiempos de inactividad y costos de mantenimiento. Confíe en la calidad que Comagro S.A. le ofrece, respaldada por nuestro soporte técnico experto. Para más información o para adquirirlo, consulte por el modelo 000000000006010420."
"000000000006010425","El Motor Eléctrico VALCO 5,5HP 2P 220V es la solución monofásica ideal para potenciar sus operaciones. Diseñado para ofrecer un rendimiento superior y una eficiencia operativa inigualable, su configuración de 2 polos asegura una alta velocidad de rotación y una entrega de potencia constante, fundamental para las exigencias de su actividad.

Con el respaldo de Comagro S.A. y la calidad probada de VALCO, este motor (SKU 000000000006010425) garantiza fiabilidad y durabilidad excepcionales. Invierta en tecnología robusta que optimiza su productividad y reduce costos a largo plazo. Contáctenos hoy mismo para integrar esta solución en su equipo."
"000000000006010452","En Comagro S.A., comprendemos la importancia de la fiabilidad en cada componente de su operación. Por ello, recomendamos el Motor Eléctrico VALCO 2HP 4P 220V, una solución de potencia monofásica diseñada para asegurar la continuidad y eficiencia de sus procesos. Con su robusta capacidad de 2HP y alimentación a 220V, este equipo VALCO garantiza un rendimiento excepcional y duradero, minimizando interrupciones en sus actividades.

Invertir en el Motor Eléctrico VALCO, modelo 000000000006010452, significa elegir durabilidad y eficiencia certificadas bajo la calidad de Comagro. Nuestro equipo técnico está a su disposición para asesorarle y asegurar que esta solución se integre perfectamente a sus necesidades, optimizando su productividad con el respaldo y la experiencia que nos caracterizan. Contáctenos para conocer más sobre cómo este motor puede potenciar su negocio."
"000000000006010454","Optimice la eficiencia de sus sistemas con el Motor Eléctrico VALCO 3HP 4P 220V, la elección superior para sus requerimientos de potencia monofásica. Este equipo ha sido diseñado para entregar un rendimiento consistente y una operatividad fiable, esencial para las demandas continuas en aplicaciones industriales, comerciales y agrícolas que precisan estabilidad y durabilidad.

En Comagro S.A., comprendemos la importancia de una inversión inteligente. Con la ingeniería de VALCO, sinónimo de calidad robusta y prolongada vida útil, este motor representa la solución definitiva para asegurar la continuidad y productividad de sus operaciones. Contacte a nuestro equipo de expertos para obtener asesoramiento especializado y descubra cómo este motor puede potenciar su negocio."
"000000000006010484","Para sus operaciones más exigentes, Comagro S.A. presenta el Motor Eléctrico VALCO CDF 3HP 4P 220/380V. Este equipo trifásico, de reconocida marca VALCO, ha sido diseñado para ofrecer una potencia constante y un rendimiento superior, garantizando la eficiencia y fiabilidad que su negocio necesita en cualquier aplicación industrial o agrícola.

Su robusta construcción asegura una excepcional durabilidad, mientras que su configuración de voltaje dual 220/380V proporciona una versatilidad inigualable para adaptarse a diversas infraestructuras eléctricas. Elija la calidad VALCO y el respaldo experto de Comagro para optimizar sus sistemas con el modelo 000000000006010484."
